Age,DistanceFromHome,JobRole,MonthlyIncome,NumCompaniesWorked,PercentSalaryHike,TotalWorkingYears,YearsAtCompany,YearsWithCurrManager,Attrition
48,2,7,23700,2.0,11,27.0,5,1,0
21,10,6,66870,1.0,19,2.0,2,2,0
50,2,7,29600,1.0,14,32.0,32,7,0
37,2,2,40010,6.0,11,17.0,1,0,1
40,2,2,167520,2.0,18,8.0,3,2,0
40,1,2,30680,3.0,19,20.0,1,1,0
46,23,2,34910,2.0,14,25.0,19,8,0
44,5,6,171590,5.0,22,16.0,2,2,0
31,1,7,27930,1.0,16,9.0,9,0,0
35,15,6,19040,1.0,22,10.0,10,7,1
48,2,7,45540,2.0,11,19.0,2,2,0
28,2,3,28580,1.0,12,7.0,7,7,0
36,22,0,29500,4.0,14,8.0,6,0,0
46,4,6,26190,6.0,12,10.0,7,7,0
21,1,7,104000,1.0,13,1.0,1,0,1
34,1,5,26960,3.0,23,6.0,0,0,0
57,21,6,191610,2.0,18,15.0,3,2,0
37,1,7,52070,4.0,17,16.0,5,2,0
25,7,7,41030,6.0,15,7.0,2,2,1
32,20,4,45810,3.0,14,8.0,5,4,0
28,9,8,46480,0.0,23,9.0,8,7,0
34,1,0,176650,0.0,11,6.0,5,2,0
42,1,7,78790,2.0,11,11.0,5,2,0
29,3,8,55930,1.0,13,1.0,1,0,0
38,10,2,181720,6.0,12,6.0,1,1,0
34,6,5,43060,0.0,11,14.0,13,9,0
40,10,4,65670,1.0,13,8.0,8,7,0
40,6,2,26470,6.0,13,20.0,1,0,0
35,9,3,173990,6.0,12,7.0,2,2,0
34,17,5,20010,9.0,22,11.0,3,2,1
32,9,2,191900,3.0,17,8.0,4,3,1
38,2,1,20140,3.0,17,8.0,0,0,0
29,17,2,65820,1.0,19,6.0,6,0,0
56,4,7,198470,4.0,14,6.0,0,0,0
57,2,6,63060,3.0,12,32.0,1,0,0
40,15,2,25710,7.0,14,22.0,20,13,0
40,11,7,70050,1.0,20,21.0,20,9,0
30,9,4,92500,1.0,12,11.0,11,7,0
43,9,5,12740,1.0,19,6.0,5,4,0
42,2,2,21330,3.0,13,14.0,1,0,0
34,7,6,86200,0.0,13,10.0,9,7,0
26,11,3,92780,0.0,20,5.0,4,0,0
41,1,1,68830,3.0,19,16.0,1,0,0
34,7,0,21770,1.0,13,10.0,10,7,0
52,21,3,28890,1.0,11,34.0,34,16,0
25,10,5,82370,1.0,13,6.0,6,3,1
35,10,6,26320,3.0,13,7.0,2,2,0
32,9,6,57690,1.0,11,4.0,4,2,0
40,8,2,59850,2.0,13,9.0,5,0,1
31,7,2,65000,6.0,23,7.0,2,2,1
38,7,8,76250,1.0,15,4.0,4,3,0
51,23,6,192720,9.0,20,18.0,10,7,1
27,2,6,137700,1.0,18,8.0,8,7,1
38,5,6,63840,3.0,19,19.0,10,1,0
31,10,7,21870,1.0,15,13.0,13,12,0
24,7,2,25760,8.0,17,6.0,4,2,0
34,28,2,107930,0.0,11,3.0,2,2,0
55,26,7,27890,3.0,13,17.0,8,7,0
39,2,0,51550,2.0,18,7.0,2,2,0
33,2,7,27660,1.0,12,2.0,2,2,0
27,1,6,20580,1.0,14,1.0,1,0,0
40,1,6,37800,7.0,12,7.0,5,3,0
52,1,3,83460,7.0,14,6.0,2,2,0
55,2,2,74410,3.0,12,24.0,1,0,0
49,6,0,23420,3.0,18,20.0,4,3,1
33,9,1,29090,2.0,11,10.0,5,3,0
45,1,7,70830,2.0,12,25.0,1,0,0
39,1,0,67550,7.0,14,21.0,18,5,1
38,6,6,107480,7.0,15,17.0,1,0,1
35,3,2,63880,3.0,13,4.0,2,2,0
60,17,3,40250,3.0,13,19.0,1,0,0
38,9,7,43120,0.0,12,10.0,9,8,0
37,15,2,44850,5.0,11,15.0,1,0,1
41,4,6,25430,3.0,12,6.0,1,0,0
53,2,1,31620,4.0,15,26.0,14,8,0
42,3,3,10910,2.0,22,16.0,1,0,0
49,7,0,89980,1.0,14,9.0,9,7,1
50,8,6,96670,3.0,23,28.0,10,6,0
35,10,5,43230,2.0,18,15.0,7,7,0
45,29,6,29730,1.0,12,10.0,10,4,0
40,2,5,47750,3.0,15,15.0,5,0,1
49,21,7,40110,1.0,18,31.0,31,9,0
42,18,2,23980,0.0,14,10.0,9,8,0
27,13,5,28560,1.0,12,5.0,5,4,0
24,17,0,25010,9.0,12,4.0,2,0,0
32,8,6,46270,8.0,17,8.0,1,0,0
41,1,0,55610,0.0,11,10.0,9,7,0
26,16,0,83800,0.0,14,8.0,7,7,0
34,10,2,41480,1.0,11,11.0,11,9,0
37,1,7,41270,2.0,13,15.0,5,2,0
53,6,7,23250,7.0,18,35.0,5,4,0
31,1,2,168560,3.0,12,9.0,3,0,0
28,1,6,63470,1.0,15,4.0,4,2,0
28,2,3,55770,0.0,19,5.0,4,2,0
40,9,4,22380,2.0,14,10.0,1,0,0
48,10,3,22700,2.0,14,23.0,2,2,0
29,3,2,59160,6.0,12,5.0,3,2,1
48,12,2,55620,8.0,13,18.0,8,7,0
28,8,6,11180,1.0,11,7.0,7,7,0
22,22,8,26540,0.0,24,1.0,0,0,1
24,1,7,34070,1.0,15,6.0,6,4,0
37,1,0,133480,7.0,14,8.0,6,4,0
30,9,0,68250,1.0,14,1.0,1,0,1
34,9,4,26250,1.0,12,16.0,15,11,0
31,9,7,46840,1.0,16,2.0,2,2,0
29,16,4,22100,8.0,11,11.0,7,6,0
31,7,6,24370,9.0,14,9.0,2,2,0
37,1,6,62610,1.0,12,10.0,10,9,0
49,2,7,47240,1.0,11,16.0,15,11,0
36,8,7,69620,4.0,12,4.0,1,0,0
33,3,7,49360,0.0,14,6.0,5,3,1
29,2,6,106500,1.0,13,1.0,1,0,1
22,2,2,195450,0.0,14,3.0,2,2,0
43,10,7,26830,4.0,11,21.0,1,0,0
35,1,5,81200,0.0,13,10.0,9,0,0
54,9,4,63230,4.0,23,24.0,4,2,0
38,1,2,64720,0.0,12,17.0,16,13,0
48,2,3,62720,4.0,14,29.0,22,9,0
20,8,7,34640,1.0,20,2.0,2,2,1
41,20,7,102090,1.0,13,23.0,22,8,1
29,10,6,15550,1.0,19,10.0,10,9,1
18,2,8,186060,1.0,24,0.0,0,0,0
41,23,7,26570,4.0,11,10.0,7,0,1
52,2,8,35370,0.0,11,34.0,33,9,0
31,20,6,99070,0.0,13,6.0,5,3,0
40,2,5,25390,4.0,12,7.0,4,2,0
33,11,6,71400,5.0,21,8.0,5,4,1
21,1,3,28630,1.0,14,3.0,3,2,0
29,16,2,36460,1.0,14,10.0,10,8,0
27,6,2,37550,1.0,19,5.0,5,3,0
29,10,4,169590,4.0,14,11.0,8,1,0
32,1,2,27410,7.0,11,7.0,2,2,1
24,2,7,47680,2.0,11,6.0,2,0,1
44,2,2,34520,4.0,11,14.0,10,2,0
30,8,8,63920,1.0,21,11.0,11,8,0
41,17,4,52080,3.0,11,12.0,9,7,0
27,6,0,42600,1.0,11,4.0,4,2,0
27,15,6,39860,1.0,12,7.0,7,3,0
29,5,6,109340,6.0,17,11.0,9,7,1
27,3,3,66940,1.0,13,6.0,6,4,0
48,13,7,98540,3.0,16,15.0,0,0,0
30,29,7,25460,1.0,14,10.0,10,9,0
46,8,5,40710,3.0,13,28.0,7,7,0
48,16,7,97240,3.0,13,12.0,2,2,0
29,10,6,15550,1.0,19,10.0,10,9,1
31,15,7,49600,1.0,15,10.0,10,7,1
41,2,0,23870,3.0,17,12.0,5,0,0
30,9,0,68250,1.0,14,1.0,1,0,1
29,7,6,21800,1.0,21,4.0,4,1,0
21,20,6,53370,1.0,14,2.0,2,2,1
29,10,8,24040,1.0,17,10.0,10,5,0
31,24,7,38940,1.0,12,10.0,10,8,0
40,1,5,50710,8.0,17,8.0,1,0,0
33,9,6,46490,0.0,12,4.0,3,2,0
23,12,6,75250,1.0,14,3.0,3,2,1
27,1,6,20580,1.0,14,1.0,1,0,0
31,8,7,131200,1.0,12,13.0,12,7,0
40,1,6,39310,8.0,19,3.0,1,0,0
29,7,6,21800,1.0,21,4.0,4,1,0
43,5,2,96990,8.0,19,18.0,8,1,0
25,25,7,37020,0.0,20,5.0,4,2,0
35,4,0,78980,7.0,15,5.0,2,2,0
36,26,2,84740,0.0,14,17.0,16,11,0
42,7,6,22260,0.0,12,4.0,3,0,0
46,2,6,165550,8.0,14,28.0,26,9,0
36,2,7,54820,1.0,18,18.0,17,14,0
38,8,4,25140,3.0,11,15.0,1,0,0
34,2,0,46950,1.0,16,14.0,14,1,0
46,1,4,23400,2.0,13,26.0,11,8,0
35,16,0,23940,1.0,16,9.0,9,7,0
36,8,6,59150,2.0,13,13.0,3,2,0
25,1,4,109320,1.0,11,1.0,1,0,1
45,26,0,27940,3.0,19,8.0,5,2,0
37,17,7,20640,4.0,16,8.0,1,0,0
37,5,6,27050,1.0,11,17.0,17,7,0
52,1,7,59740,7.0,18,18.0,8,0,0
53,9,8,20890,5.0,16,28.0,2,2,0
45,3,2,35800,4.0,20,8.0,5,3,0
28,1,7,22310,1.0,12,8.0,8,5,0
35,23,6,63340,1.0,14,11.0,11,3,0
35,9,4,104960,1.0,13,5.0,5,2,0
28,10,8,52100,1.0,15,1.0,1,0,0
32,2,6,21090,0.0,13,4.0,3,2,0
40,2,4,27180,2.0,14,9.0,9,7,0
45,18,8,58110,0.0,14,25.0,24,7,0
38,2,7,49080,4.0,19,7.0,5,4,1
46,1,2,190810,3.0,21,12.0,9,7,0
46,4,2,67120,6.0,21,26.0,3,1,0
26,9,0,26930,5.0,17,8.0,0,0,0
40,15,2,25710,7.0,14,22.0,20,13,0
33,14,6,108200,5.0,12,11.0,9,7,0
55,3,7,73510,8.0,20,34.0,1,0,0
32,5,6,50030,0.0,13,10.0,9,6,0
29,3,7,27230,6.0,11,3.0,0,0,1
22,2,8,11020,6.0,19,4.0,2,2,0
33,1,3,51470,7.0,11,13.0,9,7,0
20,11,7,93960,1.0,12,2.0,2,2,1
45,1,0,20880,4.0,15,18.0,5,2,0
32,10,2,87400,2.0,11,12.0,7,7,0
35,6,4,119960,1.0,19,16.0,16,1,0
50,4,8,44240,3.0,14,18.0,4,3,1
42,1,4,106850,4.0,11,4.0,1,0,0
29,23,0,45370,6.0,18,5.0,1,0,0
29,16,2,65130,1.0,11,10.0,10,9,0
22,16,6,29910,1.0,19,2.0,2,2,0
33,1,1,21760,1.0,14,6.0,6,2,0
28,7,3,29760,1.0,14,1.0,1,0,1
50,8,6,96670,3.0,23,28.0,10,6,0
34,7,8,29740,1.0,23,5.0,5,0,0
35,6,2,31020,1.0,13,6.0,5,4,0
50,1,7,134960,3.0,18,22.0,12,5,0
45,2,7,44040,0.0,23,9.0,8,7,0
34,4,8,50630,6.0,12,12.0,1,0,0
43,7,3,65000,8.0,23,10.0,1,0,0
44,1,6,103330,3.0,14,19.0,1,0,1
48,1,6,21770,4.0,18,13.0,0,0,0
50,6,3,23420,1.0,12,32.0,32,9,0
31,27,5,21320,1.0,18,11.0,11,8,0
26,3,2,139640,1.0,11,5.0,5,3,0
44,5,2,63220,4.0,11,10.0,3,2,1
37,7,6,29290,1.0,12,8.0,8,7,0
42,21,0,22010,4.0,12,16.0,1,0,0
35,1,5,108550,3.0,13,17.0,8,6,0
33,3,0,16110,0.0,14,10.0,9,1,0
45,24,2,36290,8.0,16,8.0,5,1,0
49,5,6,34240,4.0,11,10.0,3,2,0
32,10,6,23800,4.0,13,9.0,6,2,0
33,1,6,140260,1.0,12,1.0,1,0,0
40,22,2,56660,1.0,14,18.0,18,12,0
44,1,6,15630,5.0,12,9.0,4,3,0
34,14,6,88340,4.0,13,15.0,11,10,0
47,2,4,99810,1.0,21,3.0,3,2,0
43,1,4,29320,5.0,24,22.0,17,9,0
30,3,3,59680,1.0,13,1.0,1,0,0
22,3,2,132690,1.0,25,2.0,2,2,0
55,19,1,46800,6.0,14,24.0,19,8,1
31,7,7,52580,0.0,14,3.0,2,2,0
40,3,7,43420,3.0,11,11.0,8,7,0
42,21,0,22010,4.0,12,16.0,1,0,0
43,9,5,12740,1.0,19,6.0,5,4,0
35,12,8,28090,4.0,23,11.0,8,0,0
32,7,0,24720,7.0,13,10.0,7,7,0
40,1,5,50710,8.0,17,8.0,1,0,0
55,7,6,22720,2.0,17,21.0,5,2,0
45,2,7,66440,1.0,12,9.0,9,8,0
35,9,3,173990,6.0,12,7.0,2,2,0
31,15,7,40660,3.0,22,4.0,2,2,1
52,29,4,29420,8.0,11,9.0,5,4,0
54,9,8,29830,7.0,14,33.0,5,4,0
44,3,4,23450,3.0,15,24.0,22,17,0
58,27,2,21870,1.0,18,2.0,2,2,0
40,7,6,28000,3.0,12,8.0,2,2,0
24,28,0,118490,1.0,16,5.0,4,2,0
51,8,8,24500,0.0,12,11.0,10,0,0
58,24,6,43170,7.0,17,40.0,31,8,1
23,2,4,45590,1.0,18,1.0,0,0,1
25,1,7,32120,1.0,15,1.0,1,0,1
39,19,6,20620,1.0,13,21.0,21,3,0
34,26,7,190380,6.0,13,13.0,11,9,0
41,16,6,28100,1.0,11,8.0,8,7,1
40,3,7,45770,5.0,11,15.0,12,8,0
38,5,7,63490,0.0,11,20.0,19,9,0
50,8,7,49410,5.0,11,30.0,4,3,0
52,1,7,59740,7.0,18,18.0,8,0,0
42,1,2,30340,7.0,21,9.0,6,5,0
47,1,2,68340,3.0,16,5.0,0,0,0
34,8,6,58780,1.0,14,5.0,5,3,0
29,5,6,51300,4.0,11,8.0,3,2,0
30,3,6,11290,9.0,19,3.0,1,0,1
32,3,6,47210,3.0,14,6.0,3,2,0
30,9,5,95820,0.0,12,10.0,9,7,0
28,8,2,163070,1.0,16,1.0,1,0,0
58,2,6,43850,1.0,13,40.0,40,6,1
55,2,3,75470,7.0,16,31.0,9,2,0
31,5,7,65020,1.0,12,4.0,4,3,0
30,11,2,171690,1.0,17,1.0,1,0,0
32,9,6,57690,1.0,11,4.0,4,2,0
47,6,3,63470,1.0,14,26.0,26,0,0
34,19,5,33390,1.0,16,9.0,8,1,0
35,5,0,51630,2.0,18,16.0,1,0,0
32,15,3,69290,9.0,20,10.0,8,7,0
27,2,7,23670,2.0,12,5.0,5,4,0
36,21,1,23290,3.0,15,9.0,3,2,0
54,9,2,196130,2.0,17,23.0,5,4,0
27,26,5,46470,3.0,17,8.0,6,0,0
58,9,7,59570,4.0,14,7.0,1,0,1
33,1,7,62140,1.0,19,14.0,13,8,1
55,6,2,26550,8.0,17,36.0,24,15,0
47,2,4,99810,1.0,21,3.0,3,2,0
34,18,0,27030,1.0,21,9.0,8,7,0
29,2,6,192370,9.0,11,9.0,5,2,0
56,15,2,33120,9.0,19,7.0,5,3,1
32,3,6,47210,3.0,14,6.0,3,2,0
56,24,2,32210,4.0,15,33.0,19,9,0
40,6,0,60770,1.0,16,22.0,22,11,0
18,7,6,38120,1.0,15,0.0,0,0,0
30,1,2,25060,8.0,22,4.0,2,2,0
33,2,7,59140,3.0,16,6.0,3,2,0
25,6,2,27680,0.0,22,5.0,4,1,0
27,8,6,45990,1.0,15,1.0,1,0,0
29,3,7,27230,6.0,11,3.0,0,0,1
35,12,8,28090,4.0,23,10.0,8,0,0
43,2,7,32110,4.0,13,18.0,3,2,0
31,10,5,53040,1.0,17,2.0,2,2,0
47,1,6,57620,1.0,11,10.0,10,9,1
45,9,7,95250,9.0,19,22.0,20,8,0
31,15,7,40660,3.0,22,4.0,2,2,1
31,10,5,53040,1.0,17,2.0,2,2,0
20,17,8,22930,1.0,13,1.0,1,0,0
42,1,7,78790,2.0,11,11.0,5,2,0
30,20,2,25230,3.0,13,7.0,2,2,0
41,20,7,102090,1.0,13,23.0,22,8,1
30,9,6,90710,0.0,19,12.0,11,7,0
22,2,2,195450,0.0,14,3.0,2,2,0
36,4,1,44780,0.0,18,15.0,14,8,0
34,7,8,56170,8.0,25,9.0,5,4,1
27,7,6,28110,2.0,20,6.0,4,2,0
41,7,6,20990,8.0,12,8.0,6,5,1
51,6,3,15690,2.0,11,18.0,4,3,1
30,3,7,51210,7.0,13,8.0,3,2,0
42,28,4,26450,1.0,15,10.0,10,2,0
33,13,4,45680,0.0,18,6.0,5,2,0
32,3,6,47210,3.0,14,6.0,3,2,0
37,9,0,54840,4.0,17,7.0,3,2,1
26,3,0,24360,1.0,24,3.0,3,2,0
48,2,3,62720,4.0,14,29.0,22,9,0
44,5,2,23190,3.0,18,7.0,5,3,0
33,7,6,37370,8.0,22,8.0,5,2,0
40,16,5,36330,3.0,16,10.0,4,3,1
22,8,8,49070,1.0,21,4.0,4,1,0
33,9,7,32950,6.0,22,7.0,3,1,0
50,1,7,134960,3.0,18,22.0,12,5,0
23,23,6,173280,1.0,17,2.0,2,2,0
44,5,2,23190,3.0,18,7.0,5,3,0
41,3,4,72600,1.0,16,22.0,22,10,0
42,3,3,10910,2.0,22,16.0,1,0,0
29,5,6,51300,4.0,11,8.0,3,2,0
42,17,6,99980,5.0,24,24.0,22,14,0
35,6,3,94190,1.0,24,6.0,6,1,0
53,11,3,21090,2.0,13,31.0,25,7,0
50,11,7,62940,3.0,23,32.0,7,6,0
36,24,2,61200,0.0,19,10.0,9,4,0
42,9,4,92080,1.0,15,24.0,24,9,0
36,1,6,28380,1.0,19,5.0,5,2,0
49,2,7,63800,6.0,23,22.0,9,3,0
40,2,1,65450,4.0,15,22.0,1,0,1
31,25,4,182130,8.0,21,4.0,2,2,0
29,29,6,23070,1.0,13,7.0,7,7,1
28,6,6,23510,1.0,16,6.0,6,3,0
30,13,2,57700,1.0,16,5.0,5,4,0
35,8,4,53460,0.0,14,6.0,5,3,0
38,2,4,27780,2.0,13,8.0,3,2,0
25,5,4,139730,1.0,14,7.0,7,7,0
42,6,2,100080,6.0,19,9.0,4,2,0
18,3,5,24790,2.0,12,0.0,0,0,1
47,19,6,28270,8.0,14,28.0,22,10,0
44,9,0,68610,4.0,12,8.0,2,2,0
35,24,0,20700,1.0,13,5.0,4,2,1
44,24,7,25660,9.0,11,10.0,5,3,0
29,7,6,21800,1.0,21,4.0,4,1,0
32,3,7,30380,2.0,20,8.0,5,3,0
49,7,0,89980,1.0,14,9.0,9,7,1
39,2,3,131940,0.0,11,10.0,9,8,0
27,29,4,43250,1.0,14,9.0,9,7,0
40,1,3,199430,2.0,13,15.0,7,7,0
41,7,6,27820,1.0,14,10.0,10,7,0
30,10,1,22070,6.0,14,6.0,4,2,0
44,5,6,171590,5.0,22,16.0,2,2,0
27,27,6,22930,0.0,18,5.0,4,2,1
19,23,2,191970,1.0,12,1.0,1,0,0
33,28,3,60910,1.0,15,5.0,5,4,0
28,7,7,89660,1.0,16,3.0,3,2,0
41,2,6,107980,2.0,14,10.0,3,2,0
31,3,7,42850,1.0,21,1.0,1,0,0
37,2,7,56470,6.0,19,7.0,0,0,1
30,3,0,28620,5.0,14,9.0,6,1,1
36,2,7,54820,1.0,18,18.0,17,14,0
32,5,6,50030,2.0,13,10.0,9,6,0
37,13,2,119040,1.0,12,6.0,6,3,0
41,24,3,137260,3.0,12,21.0,2,2,0
26,8,3,157870,1.0,12,8.0,8,4,1
30,2,6,51310,0.0,15,10.0,9,8,0
55,2,3,75470,7.0,16,31.0,9,2,0
38,1,3,96190,4.0,13,10.0,1,0,0
42,1,0,174650,8.0,13,7.0,5,4,0
51,3,8,190490,7.0,14,23.0,20,15,0
33,1,6,42560,1.0,13,5.0,5,2,0
55,7,2,74280,5.0,12,24.0,5,4,1
45,1,6,184300,4.0,12,10.0,3,2,0
28,6,3,52530,1.0,15,3.0,3,2,0
58,5,8,21540,4.0,21,29.0,1,0,0
55,1,6,67990,3.0,11,12.0,10,8,0
40,16,5,36330,3.0,16,10.0,4,3,1
36,1,2,23050,1.0,17,8.0,8,7,0
38,25,4,163280,1.0,17,10.0,10,9,0
40,8,0,24040,6.0,17,18.0,4,3,0
24,3,7,45080,0.0,11,3.0,2,1,0
44,23,6,195860,4.0,16,17.0,3,2,0
46,2,2,30650,2.0,11,7.0,1,0,0
54,9,7,20930,3.0,19,36.0,10,9,0
37,1,7,54290,1.0,17,16.0,16,8,0
50,3,6,42940,2.0,20,32.0,30,13,0
29,8,6,40370,0.0,14,4.0,3,2,0
30,13,2,57700,1.0,16,5.0,5,4,0
35,13,7,20420,0.0,16,6.0,5,4,0
36,15,7,96790,4.0,12,6.0,2,2,0
45,19,2,36810,3.0,17,22.0,0,0,0
46,9,4,57310,8.0,17,6.0,2,2,0
35,9,8,40840,4.0,13,5.0,3,2,0
34,3,5,26590,0.0,24,10.0,9,6,0
47,23,7,62740,7.0,14,17.0,6,2,0
34,7,6,196260,1.0,21,15.0,15,7,0
18,3,5,24790,1.0,12,0.0,0,0,1
34,9,7,32800,5.0,13,7.0,5,2,0
59,12,7,47230,9.0,14,30.0,3,2,0
28,10,3,135910,5.0,20,6.0,2,2,0
41,3,6,99360,7.0,17,16.0,14,10,0
31,1,1,28670,0.0,24,3.0,2,2,0
59,4,6,165950,6.0,21,25.0,9,4,0
36,1,5,54860,7.0,12,10.0,5,3,1
42,10,0,28370,2.0,13,19.0,5,2,0
56,10,7,40780,8.0,24,14.0,10,8,1
25,6,2,27680,0.0,22,5.0,4,1,0
35,1,5,81200,0.0,13,10.0,9,0,0
35,24,7,57450,1.0,17,3.0,3,2,0
35,15,4,65490,1.0,20,9.0,9,8,0
36,3,2,20180,1.0,13,6.0,6,3,0
42,28,4,26450,1.0,15,10.0,10,2,0
45,2,6,103680,6.0,12,23.0,19,8,0
27,20,4,34850,9.0,17,4.0,2,2,0
49,1,4,73140,7.0,22,25.0,7,7,0
35,7,4,32290,1.0,25,10.0,10,2,0
36,10,6,41520,9.0,19,10.0,8,5,0
29,4,1,35390,1.0,18,6.0,6,5,0
37,10,1,30720,5.0,14,17.0,14,7,1
32,3,7,30380,2.0,20,8.0,5,3,0
40,2,1,65450,4.0,15,22.0,1,0,1
26,2,2,53040,0.0,20,5.0,4,1,0
31,10,6,41890,0.0,23,6.0,5,4,1
39,1,0,67550,7.0,14,21.0,18,5,1
28,2,7,93550,0.0,11,6.0,5,4,0
24,1,7,34070,1.0,15,6.0,6,4,0
32,9,6,35000,0.0,16,8.0,7,6,0
21,1,6,26100,1.0,11,2.0,2,2,0
30,15,7,23800,4.0,18,9.0,5,4,0
52,2,2,99800,2.0,11,18.0,10,9,0
28,1,5,100960,2.0,13,6.0,4,3,0
28,24,6,23280,1.0,11,4.0,4,2,0
32,11,6,44870,1.0,11,1.0,1,0,0
45,8,7,33190,1.0,12,9.0,9,8,0
46,4,1,29110,5.0,13,28.0,2,2,0
29,8,6,52960,4.0,14,11.0,7,7,0
34,24,6,27420,0.0,11,13.0,12,11,0
40,6,2,26470,6.0,13,20.0,1,0,0
27,5,4,44000,9.0,17,6.0,2,2,0
39,12,6,99910,1.0,16,8.0,8,7,0
32,10,1,30720,5.0,12,9.0,5,3,0
29,3,2,68110,0.0,15,9.0,8,7,0
41,11,2,168720,2.0,15,21.0,18,11,0
49,6,0,23420,3.0,18,20.0,4,3,1
35,10,6,57650,1.0,14,1.0,1,0,0
31,7,7,132250,3.0,21,9.0,2,0,0
51,29,4,24510,3.0,17,10.0,4,3,0
36,28,2,24320,4.0,22,7.0,1,0,0
35,1,0,167920,3.0,12,16.0,13,8,0
32,22,5,74460,0.0,19,7.0,6,5,0
28,6,3,52530,1.0,15,3.0,3,2,0
48,13,7,98540,3.0,16,15.0,0,0,0
60,8,2,53290,8.0,20,10.0,2,2,0
28,2,8,21270,1.0,14,2.0,2,2,0
29,8,3,28530,4.0,14,4.0,2,0,1
30,1,7,54700,1.0,18,12.0,12,10,0
36,7,6,56600,7.0,12,9.0,1,0,1
42,18,6,199990,2.0,23,17.0,5,3,0
34,3,7,20440,1.0,11,1.0,1,0,0
38,19,4,64740,2.0,13,20.0,4,3,0
30,1,7,54700,1.0,18,12.0,12,10,0
46,18,4,59800,4.0,11,28.0,7,3,1
32,7,0,24720,7.0,13,10.0,7,7,0
44,10,6,28440,1.0,12,6.0,5,3,1
36,2,7,199730,6.0,12,10.0,3,2,0
42,23,6,23730,6.0,14,21.0,1,0,0
27,9,5,59930,0.0,14,5.0,4,1,0
29,1,7,106730,1.0,13,1.0,1,0,0
26,1,4,24260,1.0,22,1.0,1,0,1
45,2,0,60740,0.0,14,9.0,8,1,0
25,16,6,198590,3.0,19,6.0,3,2,1
35,2,0,106090,1.0,22,10.0,10,7,0
35,6,4,119960,1.0,19,16.0,16,1,0
25,1,7,25000,4.0,14,7.0,3,2,0
26,2,6,20800,0.0,13,8.0,7,6,0
28,9,7,59330,0.0,11,5.0,4,3,0
29,2,6,106500,1.0,13,1.0,1,0,1
37,20,3,68040,4.0,13,8.0,3,2,0
21,9,4,178750,1.0,12,3.0,3,2,1
43,7,6,24390,0.0,15,9.0,8,7,0
36,5,7,54050,4.0,14,10.0,8,7,0
34,12,6,45050,1.0,12,6.0,6,4,0
41,16,6,28100,1.0,11,8.0,8,7,1
43,7,2,195020,3.0,18,23.0,21,17,0
28,23,4,46010,0.0,15,6.0,5,0,0
36,1,0,196360,1.0,12,10.0,10,0,0
45,3,7,37600,0.0,14,10.0,9,8,0
24,6,7,10520,1.0,13,5.0,5,4,0
29,2,0,41570,1.0,17,6.0,6,2,0
39,1,7,36730,3.0,14,19.0,1,0,1
36,2,7,199730,6.0,12,10.0,3,2,0
56,3,0,44490,2.0,15,28.0,5,2,0
31,16,1,27820,1.0,19,13.0,13,9,0
31,22,7,56890,3.0,15,12.0,1,0,1
32,10,4,165980,1.0,13,10.0,10,7,1
32,21,7,23620,1.0,11,9.0,9,8,0
26,2,4,28350,3.0,11,5.0,2,0,0
38,10,2,181720,6.0,12,6.0,1,1,0
42,18,7,132060,0.0,13,7.0,6,4,0
40,9,4,45230,5.0,16,5.0,0,0,0
38,25,4,78470,3.0,14,9.0,7,7,0
35,5,3,16750,1.0,16,3.0,3,2,0
32,20,4,45810,3.0,14,8.0,5,4,0
43,26,2,135490,3.0,11,7.0,2,2,0
43,3,7,24080,1.0,12,25.0,25,12,0
54,9,8,29830,7.0,14,33.0,5,4,0
39,22,4,129650,0.0,19,20.0,19,8,0
30,7,5,14830,5.0,13,12.0,0,0,0
42,11,3,178560,3.0,18,10.0,6,3,0
55,2,1,27810,8.0,13,19.0,5,4,0
39,6,6,106090,2.0,17,10.0,7,7,0
33,2,7,168800,1.0,14,9.0,9,8,0
35,3,2,22580,1.0,11,2.0,2,2,0
35,8,4,53460,0.0,14,6.0,5,3,0
40,17,3,35780,2.0,14,20.0,5,2,0
34,10,7,77790,5.0,12,6.0,2,2,0
53,1,3,39890,1.0,13,5.0,4,3,0
33,1,7,12230,1.0,13,10.0,10,9,0
35,8,2,24610,2.0,20,17.0,7,7,0
18,5,3,32300,1.0,12,0.0,0,0,0
45,10,5,56050,1.0,12,1.0,1,0,0
37,24,7,32910,1.0,16,5.0,5,3,0
36,1,6,35050,1.0,12,10.0,10,8,0
30,5,4,54100,0.0,17,6.0,5,4,0
31,25,1,180610,1.0,14,10.0,10,7,0
25,2,6,190940,1.0,16,7.0,7,6,0
41,13,0,109200,0.0,15,21.0,20,10,0
43,14,5,38860,1.0,17,9.0,9,0,0
42,11,3,178560,3.0,18,10.0,6,3,0
36,24,5,63970,4.0,14,11.0,3,2,0
23,6,4,103220,1.0,14,3.0,3,2,0
54,24,2,26000,3.0,14,36.0,10,7,0
34,7,6,62880,0.0,15,16.0,15,10,1
31,1,7,27930,1.0,16,9.0,9,0,0
43,3,7,24080,1.0,12,25.0,25,12,0
39,12,8,62200,1.0,14,20.0,20,10,0
50,17,2,42980,1.0,20,31.0,31,7,0
31,20,6,61800,1.0,14,1.0,1,0,1
34,25,6,41940,0.0,17,12.0,11,7,0
42,5,7,170460,7.0,11,10.0,4,3,0
33,8,2,82240,6.0,19,14.0,10,6,0
29,6,1,41150,1.0,11,11.0,11,10,0
36,1,7,53090,3.0,13,15.0,5,1,0
28,7,1,96370,1.0,13,5.0,5,2,0
47,3,2,43640,3.0,11,26.0,20,6,0
54,9,2,196130,2.0,17,23.0,5,4,0
53,2,1,31620,4.0,15,26.0,14,8,0
35,2,6,187400,1.0,19,1.0,1,0,0
31,22,7,56890,3.0,15,12.0,1,0,1
36,25,7,170070,9.0,12,6.0,1,0,0
36,7,6,26900,0.0,11,10.0,9,8,0
35,23,6,63340,1.0,14,11.0,11,3,0
26,2,4,28350,3.0,11,5.0,2,0,0
45,16,7,54840,1.0,20,6.0,6,4,0
53,9,3,39200,6.0,16,22.0,17,2,0
55,14,7,55380,0.0,17,37.0,36,13,0
23,6,2,49690,1.0,12,5.0,5,2,1
27,15,6,39860,1.0,12,7.0,7,3,0
18,1,7,23350,1.0,14,0.0,0,0,1
49,6,0,29960,2.0,18,17.0,9,8,0
36,7,7,92040,6.0,23,17.0,7,7,0
59,2,8,20660,4.0,12,12.0,1,0,0
39,2,0,51550,2.0,18,7.0,2,2,0
39,11,7,160150,1.0,11,21.0,21,8,0
22,17,7,97050,1.0,18,4.0,4,3,0
31,28,6,25930,0.0,21,4.0,3,2,1
23,12,6,75250,1.0,14,3.0,3,2,1
34,1,6,86210,1.0,17,5.0,5,0,0
40,1,0,22130,1.0,17,21.0,20,9,0
45,24,7,54760,4.0,13,9.0,5,3,0
31,1,8,121850,3.0,14,13.0,7,2,0
54,18,2,49630,9.0,15,9.0,5,4,0
40,10,4,65240,0.0,13,9.0,8,1,0
50,4,8,44240,3.0,14,18.0,4,3,1
42,11,1,59400,7.0,16,10.0,5,3,0
39,3,5,47240,2.0,12,21.0,6,3,0
57,3,4,20130,3.0,14,12.0,5,4,0
23,7,3,105520,2.0,11,4.0,2,2,0
27,22,8,22060,0.0,14,6.0,5,3,0
33,3,4,43730,4.0,14,7.0,1,0,0
35,6,2,31020,1.0,13,6.0,5,4,0
28,1,6,176390,0.0,13,6.0,5,3,0
29,9,2,111030,1.0,12,10.0,10,9,0
32,2,4,21660,1.0,19,9.0,9,7,0
45,1,0,20880,4.0,15,18.0,5,2,0
31,10,6,41890,0.0,23,6.0,5,4,1
29,4,0,65400,1.0,22,10.0,10,2,0
45,28,2,50670,1.0,11,10.0,10,9,0
35,9,7,131420,1.0,25,10.0,10,8,0
35,13,7,20420,0.0,16,6.0,5,4,0
31,16,6,28040,0.0,19,3.0,2,2,0
30,12,7,49500,1.0,12,1.0,1,0,1
30,8,7,183000,0.0,14,7.0,6,2,0
22,2,8,193310,1.0,12,1.0,0,0,0
34,4,7,55620,1.0,15,9.0,9,6,1
34,2,3,26860,5.0,11,10.0,4,3,0
41,3,6,99360,7.0,17,16.0,14,10,0
49,1,4,58100,1.0,21,10.0,10,7,0
35,1,4,67960,0.0,13,5.0,4,2,1
34,2,4,28180,1.0,13,10.0,10,6,0
33,7,7,109990,1.0,18,6.0,6,4,0
24,1,6,93800,0.0,16,5.0,4,3,0
52,2,2,99800,3.0,11,18.0,10,9,0
23,13,7,42210,1.0,11,5.0,4,2,0
49,2,2,42270,4.0,18,17.0,2,2,0
28,2,7,93550,0.0,11,6.0,5,4,0
40,1,0,22130,1.0,17,21.0,20,9,0
36,14,6,39290,0.0,24,6.0,5,3,0
32,2,6,57470,1.0,13,8.0,8,7,0
19,4,7,76440,1.0,15,1.0,1,0,1
36,16,0,67350,8.0,25,16.0,13,7,0
42,2,5,29560,5.0,13,23.0,20,8,0
20,1,8,61620,1.0,12,1.0,1,1,1
47,15,5,65530,0.0,15,8.0,7,7,0
36,5,4,177790,1.0,17,10.0,10,8,0
49,2,4,52040,8.0,14,26.0,5,0,0
33,9,4,28990,1.0,17,15.0,15,7,0
48,2,6,28190,1.0,20,11.0,10,8,0
33,4,1,33060,1.0,11,8.0,8,6,0
38,14,7,41710,0.0,23,10.0,9,7,0
43,3,6,90940,1.0,12,10.0,10,9,0
55,1,7,120310,3.0,11,37.0,10,7,0
27,24,0,31720,1.0,20,9.0,9,7,0
35,9,0,98240,0.0,19,4.0,3,2,0
28,21,6,79780,1.0,16,5.0,5,4,0
35,1,0,167920,3.0,12,16.0,13,8,0
53,19,3,25590,0.0,25,34.0,33,9,1
30,2,6,20960,7.0,11,10.0,8,7,0
31,22,7,56890,3.0,15,12.0,1,0,1
35,8,2,36900,1.0,13,10.0,10,8,1
33,15,2,24060,1.0,11,10.0,10,7,0
30,25,7,24060,2.0,20,11.0,5,2,0
46,3,8,42720,7.0,13,24.0,2,2,0
28,11,7,58130,2.0,20,5.0,0,0,1
48,13,7,98540,3.0,16,15.0,0,0,0
31,16,7,22790,3.0,12,8.0,6,2,0
31,6,4,45340,1.0,13,1.0,1,0,0
34,1,2,41980,1.0,22,16.0,16,10,0
41,3,6,35970,3.0,13,11.0,3,2,0
29,8,8,25870,0.0,22,4.0,3,2,0
31,9,8,189470,2.0,12,9.0,3,2,1
51,1,5,80080,2.0,15,10.0,1,0,0
24,28,4,28860,1.0,19,1.0,1,0,1
24,10,3,51600,1.0,17,1.0,1,0,0
35,16,1,95260,1.0,15,5.0,5,3,0
49,7,7,50940,3.0,15,29.0,8,7,0
27,7,4,34080,1.0,24,9.0,9,8,0
39,10,1,66960,7.0,11,8.0,2,2,1
27,5,4,44000,9.0,17,6.0,2,2,0
38,8,3,68700,1.0,11,8.0,8,7,0
53,6,5,40310,3.0,12,26.0,7,7,0
18,7,6,38120,1.0,15,0.0,0,0,0
51,6,0,131160,1.0,11,1.0,1,0,0
21,1,0,27910,1.0,14,1.0,1,0,1
31,2,8,27280,8.0,11,7.0,4,2,0
53,9,2,48090,2.0,18,19.0,2,2,0
34,1,5,26960,3.0,23,6.0,0,0,0
49,3,7,47280,3.0,11,8.0,5,4,0
42,7,7,182650,9.0,12,18.0,13,7,0
43,1,2,52650,4.0,11,12.0,5,2,0
38,1,2,176030,4.0,16,12.0,8,7,0
40,1,7,48690,4.0,12,14.0,11,1,0
30,26,3,44200,9.0,11,9.0,7,2,0
55,9,2,119160,4.0,15,35.0,10,4,0
19,8,7,159720,1.0,21,1.0,1,0,1
34,1,2,24760,1.0,19,6.0,6,3,0
33,8,4,29040,4.0,13,5.0,2,2,1
33,7,4,38150,3.0,11,7.0,4,3,0
34,15,6,84630,2.0,13,8.0,4,3,1
35,1,3,66460,1.0,13,9.0,9,1,0
21,2,4,137570,1.0,12,0.0,0,0,0
38,13,4,32100,0.0,17,3.0,2,2,0
40,9,6,20730,0.0,14,5.0,4,3,0
54,5,7,40140,2.0,19,16.0,9,1,0
51,4,4,40280,3.0,14,29.0,5,3,0
36,1,2,23050,1.0,17,8.0,8,7,0
43,10,7,26830,4.0,11,21.0,1,0,0
33,9,0,76420,2.0,20,8.0,2,2,0
31,2,2,21680,0.0,14,2.0,1,0,1
45,1,6,184300,4.0,12,10.0,3,2,0
49,1,4,58100,1.0,21,10.0,10,7,0
27,18,2,65160,1.0,19,7.0,7,7,0
36,15,7,96790,4.0,12,6.0,2,2,0
29,28,8,48410,0.0,11,6.0,5,4,0
36,6,6,47710,4.0,13,16.0,13,12,0
30,2,8,104450,3.0,18,10.0,7,7,0
36,7,2,144110,0.0,18,2.0,1,0,1
33,15,7,62010,2.0,15,14.0,0,0,0
37,1,2,20080,3.0,22,15.0,13,7,0
42,9,4,92080,1.0,15,24.0,24,9,0
56,3,4,26910,6.0,16,36.0,7,7,0
46,23,2,34910,2.0,14,25.0,19,8,0
29,4,6,36910,1.0,13,2.0,2,2,1
42,8,7,60620,1.0,22,12.0,12,8,0
34,10,0,47390,5.0,24,6.0,3,2,0
54,27,6,31310,4.0,14,14.0,7,7,0
25,2,4,27850,0.0,21,6.0,5,4,0
50,10,4,52490,9.0,21,32.0,5,3,0
34,26,7,190380,6.0,13,13.0,11,9,0
41,23,4,26700,2.0,15,10.0,8,7,0
30,3,7,64340,5.0,14,10.0,8,7,0
45,2,0,57680,5.0,23,9.0,6,3,0
34,18,0,27030,1.0,21,9.0,8,7,0
31,3,2,77560,1.0,15,6.0,5,2,0
33,5,5,66520,7.0,25,8.0,4,3,1
36,8,6,59150,2.0,13,13.0,3,2,0
58,2,6,26220,2.0,23,24.0,6,4,0
29,2,2,26790,2.0,15,10.0,3,2,0
26,17,7,48770,1.0,13,8.0,8,7,0
52,2,2,99800,3.0,11,18.0,10,9,0
52,2,3,46140,2.0,16,16.0,9,0,0
45,16,7,54840,1.0,20,6.0,6,4,0
46,8,5,40710,3.0,13,28.0,7,7,0
26,9,0,26930,5.0,17,8.0,0,0,0
35,10,6,26320,3.0,13,7.0,2,2,0
49,1,6,35910,9.0,13,22.0,3,2,0
33,18,0,63850,1.0,13,7.0,6,2,0
34,1,6,86210,1.0,17,5.0,5,0,0
32,6,6,36600,3.0,11,10.0,4,2,0
33,26,6,42300,0.0,12,15.0,14,10,0
35,1,0,167920,3.0,12,16.0,13,8,0
38,3,8,44900,2.0,21,10.0,5,3,0
48,2,7,45540,2.0,11,19.0,2,2,0
27,5,0,47350,0.0,13,6.0,5,1,0
38,4,5,100480,1.0,23,6.0,5,3,0
33,28,3,60910,1.0,15,5.0,5,4,0
43,4,0,34190,3.0,11,10.0,8,7,0
38,6,6,107480,7.0,15,17.0,1,0,1
35,9,3,173990,6.0,12,7.0,2,2,0
36,13,0,25170,2.0,14,12.0,4,3,0
34,20,2,57440,3.0,19,7.0,0,0,0
37,19,7,27030,2.0,14,19.0,10,7,0
34,15,6,84630,2.0,13,8.0,4,3,1
31,4,6,96100,0.0,11,6.0,5,4,0
31,2,7,70940,1.0,14,10.0,10,8,1
30,8,4,21430,1.0,17,1.0,1,0,0
40,3,7,43420,3.0,11,11.0,8,7,0
35,6,3,94190,1.0,24,6.0,6,1,0
33,7,6,37370,8.0,22,8.0,5,2,0
46,25,6,34330,7.0,18,17.0,4,3,0
35,5,4,48980,2.0,15,10.0,4,3,0
43,25,6,50550,5.0,22,18.0,1,0,0
37,9,0,54840,4.0,17,7.0,3,2,1
27,3,1,31610,0.0,13,4.0,3,2,0
32,1,7,136950,0.0,13,3.0,2,2,0
60,8,2,53290,8.0,20,10.0,2,2,0
49,21,4,23800,4.0,13,23.0,8,0,0
36,16,6,12810,2.0,11,17.0,15,13,0
31,1,2,20440,0.0,21,10.0,9,8,0
35,1,2,136750,1.0,15,5.0,5,0,0
37,2,2,97560,4.0,19,13.0,9,8,0
40,2,4,27180,1.0,14,9.0,9,7,0
32,2,2,77560,0.0,21,9.0,8,7,0
48,1,2,132370,5.0,13,7.0,1,0,0
36,16,0,67350,8.0,25,16.0,13,7,0
40,1,2,69320,1.0,13,5.0,5,2,0
29,16,4,22100,8.0,11,11.0,7,6,0
24,17,0,25010,9.0,12,4.0,2,0,0
60,16,2,23390,4.0,20,22.0,18,11,0
46,12,2,20740,2.0,15,21.0,10,5,0
29,17,2,65820,1.0,19,6.0,6,0,0
39,2,2,72640,0.0,17,11.0,10,7,0
29,28,6,44340,2.0,17,7.0,5,0,0
26,21,4,135250,8.0,17,7.0,2,2,1
36,5,7,54050,4.0,14,10.0,8,7,0
53,9,8,20890,5.0,16,28.0,2,2,0
34,2,3,26860,5.0,11,10.0,4,3,0
39,10,5,26840,4.0,12,7.0,5,0,0
31,14,0,23020,4.0,14,13.0,11,8,0
43,25,0,61320,6.0,13,22.0,4,0,0
48,6,2,108540,2.0,14,14.0,9,7,0
36,27,6,50560,7.0,12,15.0,12,7,0
45,2,7,44040,0.0,23,9.0,8,7,0
33,1,2,28710,1.0,17,10.0,10,8,1
32,6,6,36600,3.0,11,10.0,4,2,0
19,2,2,115570,1.0,22,1.0,1,1,0
29,5,0,66730,6.0,12,8.0,4,3,0
30,2,6,51310,0.0,15,10.0,9,8,0
35,2,7,21570,1.0,25,16.0,16,10,0
51,6,3,15690,2.0,11,18.0,4,3,1
34,5,6,45530,4.0,18,10.0,8,7,0
32,2,6,57470,1.0,13,8.0,8,7,0
46,6,7,46150,6.0,12,19.0,10,9,0
37,1,6,39440,6.0,11,8.0,6,3,0
39,1,7,196650,1.0,22,21.0,21,10,0
46,28,1,190450,6.0,11,13.0,8,7,0
29,19,4,99500,1.0,20,3.0,3,2,0
58,2,4,39680,2.0,13,12.0,5,2,0
50,4,2,27990,4.0,12,27.0,1,0,0
32,1,7,136640,3.0,14,10.0,7,7,0
35,29,7,78230,1.0,13,15.0,14,9,0
34,7,2,23480,1.0,14,6.0,5,3,0
30,7,7,23130,2.0,11,12.0,7,7,0
29,26,2,22180,1.0,24,10.0,10,8,0
31,1,5,190680,0.0,12,10.0,9,5,0
30,4,0,56050,0.0,12,9.0,8,7,0
34,1,7,24000,4.0,18,14.0,10,8,0
41,6,6,28210,1.0,17,10.0,10,7,0
25,20,2,85000,4.0,12,6.0,2,2,0
24,2,7,47680,2.0,11,6.0,2,0,1
55,26,7,27890,3.0,13,17.0,8,7,0
30,9,2,87220,1.0,17,10.0,10,8,0
29,1,7,106730,1.0,13,1.0,1,0,0
27,2,6,44470,1.0,13,7.0,7,7,0
36,2,7,54820,1.0,18,18.0,17,14,0
20,1,8,61620,1.0,12,1.0,1,1,1
47,21,7,46390,0.0,11,14.0,13,12,0
44,5,6,52280,1.0,13,6.0,5,3,0
52,2,3,46140,2.0,16,16.0,9,0,0
47,2,7,50210,2.0,17,20.0,7,7,0
29,6,7,22440,1.0,12,11.0,11,10,1
22,29,7,46630,0.0,13,3.0,2,1,0
43,25,0,61320,6.0,13,22.0,4,0,0
50,10,4,52490,9.0,21,32.0,5,3,0
29,10,8,24040,1.0,17,10.0,10,5,0
22,1,0,129360,1.0,11,4.0,4,2,0
29,2,2,26790,2.0,15,10.0,3,2,0
37,23,4,166590,7.0,16,11.0,6,3,0
40,26,6,194060,3.0,20,16.0,1,0,0
43,1,7,76550,9.0,12,6.0,1,0,1
44,8,8,26100,6.0,15,6.0,4,2,0
33,18,0,63850,1.0,13,7.0,6,2,0
29,2,7,49780,0.0,13,7.0,6,5,1
29,23,0,45370,6.0,18,5.0,1,0,0
32,9,2,27410,1.0,15,1.0,1,1,1
35,2,5,108830,3.0,12,8.0,1,1,1
41,24,5,26610,7.0,14,22.0,18,8,0
35,2,4,104660,1.0,13,2.0,2,2,0
31,14,0,23020,4.0,14,13.0,11,8,0
35,10,0,109030,0.0,11,6.0,5,2,0
30,1,7,179240,1.0,13,10.0,10,7,1
25,5,6,27560,1.0,12,5.0,5,3,0
31,1,7,27930,1.0,16,9.0,9,0,0
25,11,4,100960,0.0,11,4.0,3,2,0
38,1,1,38160,1.0,13,7.0,7,0,0
38,1,3,96190,4.0,13,10.0,1,0,0
45,2,0,60740,0.0,14,9.0,8,1,0
33,1,3,51470,7.0,11,13.0,9,7,0
41,6,6,28210,1.0,17,10.0,10,7,0
31,28,6,25930,0.0,21,4.0,3,2,1
54,1,3,22970,6.0,18,29.0,20,7,0
35,29,7,50030,9.0,15,10.0,1,0,0
24,10,3,51600,1.0,17,1.0,1,0,0
54,9,4,63230,4.0,23,24.0,4,2,0
44,5,2,63220,4.0,11,10.0,3,2,1
41,1,5,52570,1.0,14,10.0,10,8,0
27,3,0,135770,1.0,12,6.0,5,2,0
36,2,0,27250,9.0,21,18.0,16,12,0
34,3,7,20440,1.0,11,1.0,1,0,0
33,7,7,109990,1.0,18,6.0,6,4,0
51,4,4,40280,3.0,14,29.0,5,3,0
34,2,8,103120,1.0,12,6.0,6,3,0
33,8,6,161840,0.0,13,10.0,9,8,0
34,8,2,25850,3.0,12,9.0,4,1,0
44,3,6,47070,1.0,17,26.0,25,13,0
26,1,4,24260,1.0,22,1.0,1,0,1
34,5,6,137440,0.0,20,3.0,2,0,1
32,2,5,41480,7.0,15,10.0,5,4,1
40,14,6,33480,3.0,22,7.0,4,3,0
36,1,6,23770,6.0,13,15.0,1,0,0
39,2,6,47790,4.0,14,9.0,7,7,0
56,24,2,32210,4.0,15,33.0,19,9,0
33,3,4,59020,0.0,12,14.0,13,7,0
41,11,2,168720,2.0,15,21.0,18,11,0
27,4,4,51710,0.0,20,9.0,8,7,0
34,4,7,12610,2.0,14,6.0,4,2,0
39,4,7,134020,7.0,14,18.0,7,7,0
20,6,5,83920,1.0,17,2.0,2,2,0
50,4,4,43740,3.0,15,21.0,5,4,0
44,1,3,187110,2.0,12,10.0,2,2,0
27,5,0,47350,0.0,13,6.0,5,1,0
37,1,0,133480,7.0,14,8.0,6,4,0
31,16,7,22790,3.0,12,8.0,6,2,0
41,1,1,68830,3.0,19,16.0,1,0,0
31,14,0,23020,4.0,14,13.0,11,8,0
36,10,7,22320,1.0,12,16.0,16,7,1
32,10,1,30720,5.0,12,9.0,5,3,0
32,15,6,101690,1.0,14,12.0,11,7,0
49,2,4,52040,8.0,14,26.0,5,0,0
33,2,7,168800,1.0,14,9.0,9,8,0
31,20,6,99070,2.0,13,6.0,5,3,0
30,9,6,39360,0.0,11,6.0,5,2,0
32,1,7,136950,0.0,13,3.0,2,2,0
32,15,3,69290,9.0,20,10.0,8,7,0
45,1,5,29420,1.0,22,21.0,21,6,0
36,1,0,10510,2.0,14,15.0,4,3,0
43,25,6,50550,5.0,22,18.0,1,0,0
27,13,3,44010,5.0,13,6.0,2,0,0
34,2,2,53430,1.0,14,10.0,10,8,0
47,3,7,39550,7.0,12,4.0,1,0,0
31,8,4,29360,4.0,12,10.0,8,7,0
51,16,6,94390,2.0,15,29.0,20,17,0
34,13,8,74910,0.0,14,4.0,3,2,0
44,4,2,42620,7.0,18,26.0,22,10,0
47,1,7,196270,7.0,11,25.0,23,10,1
38,29,4,37220,5.0,14,6.0,3,2,0
31,24,0,10810,4.0,11,13.0,7,7,0
50,10,4,52490,9.0,21,32.0,5,3,0
43,16,2,67820,0.0,16,10.0,9,8,0
36,25,5,55050,4.0,21,13.0,8,2,0
32,2,6,57470,1.0,13,8.0,8,7,0
49,6,6,107390,2.0,11,30.0,15,12,0
40,14,6,33480,3.0,22,7.0,4,3,0
39,1,7,196650,1.0,22,21.0,21,10,0
56,24,2,32210,4.0,15,33.0,19,9,0
31,25,4,182130,8.0,21,4.0,2,2,0
50,25,0,32020,2.0,24,32.0,2,2,0
37,1,6,39440,6.0,11,8.0,6,3,0
41,5,7,66230,5.0,18,14.0,5,4,0
27,2,6,44470,1.0,13,7.0,7,7,0
27,10,6,132450,1.0,23,9.0,9,7,0
31,25,1,180610,1.0,14,10.0,10,7,0
26,1,4,24260,1.0,22,1.0,1,0,1
27,6,2,37550,1.0,19,5.0,5,3,0
26,2,2,59930,0.0,12,8.0,7,0,1
38,8,6,49300,9.0,14,14.0,1,0,0
39,4,7,134020,7.0,14,18.0,7,7,0
34,9,0,48760,2.0,21,14.0,11,8,0
44,26,0,47590,2.0,21,9.0,4,3,0
40,8,7,50870,3.0,14,10.0,7,7,0
33,2,7,59140,3.0,16,6.0,3,2,0
50,2,7,43770,5.0,12,19.0,14,11,0
54,24,2,26000,3.0,14,36.0,10,7,0
36,10,7,22320,1.0,12,16.0,16,7,1
35,2,5,108830,3.0,12,8.0,1,1,1
45,1,0,20880,4.0,15,18.0,5,2,0
24,1,6,93800,0.0,16,5.0,4,3,0
26,29,6,63890,0.0,22,8.0,7,7,0
47,4,5,27740,4.0,13,8.0,5,3,1
29,5,8,75530,1.0,19,5.0,5,4,0
29,22,1,57360,1.0,22,4.0,4,2,0
38,9,8,23720,4.0,12,20.0,1,0,0
21,2,4,137570,1.0,12,0.0,0,0,0
29,4,6,36910,1.0,13,2.0,2,2,1
40,10,6,93620,2.0,11,8.0,2,2,0
28,11,7,58130,2.0,20,5.0,0,0,1
53,1,3,39890,1.0,13,5.0,4,3,0
40,8,0,86280,2.0,20,8.0,6,0,1
31,1,7,195130,1.0,12,10.0,10,6,0
29,2,2,20960,0.0,22,6.0,5,2,0
33,23,7,39830,4.0,12,9.0,3,2,0
30,1,6,53010,1.0,16,10.0,10,8,0
31,8,7,147320,0.0,12,10.0,9,7,0
37,8,4,54670,4.0,12,13.0,7,7,0
46,4,8,27430,5.0,25,14.0,8,7,1
38,19,6,24510,7.0,12,19.0,13,9,0
29,10,4,169590,4.0,14,11.0,8,1,0
56,15,2,33120,9.0,19,7.0,5,3,1
24,6,7,10520,1.0,13,5.0,5,4,0
45,28,2,50670,1.0,11,10.0,10,9,0
38,19,6,24510,7.0,12,19.0,13,9,0
47,1,2,183030,6.0,22,29.0,3,2,0
56,1,7,25590,1.0,21,5.0,4,0,1
34,28,2,56770,9.0,20,6.0,3,2,0
30,7,7,23130,2.0,11,12.0,7,7,0
44,5,6,171590,5.0,22,16.0,2,2,0
44,5,4,43820,7.0,16,11.0,1,0,0
33,10,7,27000,0.0,14,5.0,4,3,0
27,11,7,66320,0.0,16,6.0,5,4,0
29,3,0,48050,3.0,16,9.0,7,7,0
38,11,2,24300,7.0,13,17.0,13,9,0
50,12,5,49000,1.0,11,3.0,3,2,1
29,4,0,65400,1.0,22,10.0,10,2,0
33,7,7,112450,0.0,21,8.0,7,7,0
30,10,1,22070,6.0,14,6.0,4,2,0
31,21,2,99800,1.0,12,6.0,6,1,0
31,16,1,27820,1.0,19,13.0,13,9,0
42,8,7,106480,3.0,13,20.0,1,0,0
27,24,0,31720,1.0,20,9.0,9,7,0
38,2,6,107250,3.0,18,11.0,7,7,0
29,8,7,23770,8.0,21,10.0,3,2,0
32,9,7,43270,8.0,13,4.0,0,0,0
29,18,7,31430,2.0,22,10.0,0,0,0
31,3,7,71040,1.0,14,3.0,3,2,1
31,2,3,103770,1.0,14,10.0,10,2,0
28,9,7,56730,5.0,14,5.0,3,2,1
43,8,5,36000,1.0,23,7.0,7,7,0
29,16,2,65130,1.0,11,10.0,10,9,0
25,25,6,82680,1.0,12,7.0,7,6,1
34,1,2,62320,1.0,13,8.0,8,7,0
29,29,2,21270,0.0,11,10.0,9,8,0
32,12,6,95470,1.0,13,10.0,10,3,0
34,24,4,164130,6.0,16,6.0,4,2,0
27,3,0,27830,6.0,16,6.0,2,2,0
48,24,6,16010,4.0,12,15.0,2,2,0
47,1,7,42490,2.0,13,25.0,17,11,0
29,10,6,34520,1.0,11,10.0,10,7,0
35,6,8,135820,1.0,17,1.0,1,1,0
43,27,8,39770,4.0,18,8.0,5,2,0
29,28,6,44340,5.0,17,7.0,5,0,1
27,2,6,137700,1.0,18,8.0,8,7,1
31,2,3,97130,1.0,17,10.0,10,9,0
24,15,6,54880,1.0,22,6.0,6,3,0
35,25,7,54100,0.0,18,6.0,5,4,0
37,24,6,68150,5.0,20,17.0,1,0,0
35,15,4,65490,1.0,20,9.0,9,8,0
52,12,6,48780,2.0,11,31.0,5,4,0
56,10,7,40780,8.0,24,14.0,10,8,1
43,2,2,78610,1.0,14,20.0,20,8,0
43,3,6,90940,1.0,12,10.0,10,9,0
38,8,6,49300,9.0,14,14.0,1,0,0
24,10,4,23560,0.0,13,2.0,1,0,0
40,4,7,94340,1.0,13,9.0,9,8,0
43,1,3,46780,5.0,25,8.0,6,2,0
38,2,1,83210,3.0,11,13.0,8,5,0
34,1,2,24760,1.0,19,6.0,6,3,0
33,1,3,51470,7.0,11,13.0,9,7,0
34,28,6,176500,1.0,19,15.0,15,13,0
32,22,7,29730,3.0,22,12.0,7,5,0
29,18,7,31430,2.0,22,10.0,0,0,0
42,5,6,60290,3.0,17,10.0,3,2,0
43,7,7,48760,4.0,16,4.0,1,0,0
43,7,7,48760,4.0,16,4.0,1,0,0
54,1,1,23620,6.0,13,9.0,5,4,0
58,2,4,39680,2.0,13,12.0,5,2,0
32,9,6,35000,0.0,16,8.0,7,6,0
47,8,8,23660,3.0,17,11.0,5,2,0
39,6,2,28510,9.0,15,9.0,5,3,0
28,2,0,111590,1.0,12,5.0,5,4,0
27,4,2,21940,1.0,12,6.0,6,4,0
38,9,6,26950,3.0,14,8.0,2,2,0
40,2,2,167520,2.0,18,8.0,3,2,0
25,7,7,41030,6.0,15,7.0,2,2,1
44,10,6,28440,1.0,12,6.0,5,3,1
38,19,6,24510,7.0,12,19.0,13,9,0
30,8,7,52090,7.0,14,10.0,8,7,0
43,1,4,73790,7.0,13,21.0,16,14,0
27,13,6,195370,0.0,12,5.0,4,1,0
45,1,1,125040,1.0,12,15.0,15,12,0
26,11,0,22670,1.0,19,7.0,7,7,0
38,28,2,65830,0.0,12,12.0,11,9,0
39,2,1,21150,1.0,18,21.0,21,8,0
47,7,7,69310,1.0,11,20.0,19,7,0
48,2,7,23700,2.0,11,27.0,5,1,0
48,16,7,97240,3.0,13,12.0,2,2,0
34,2,3,26860,5.0,11,10.0,4,3,0
46,19,7,41080,2.0,14,19.0,10,8,0
31,10,5,53040,1.0,17,2.0,2,2,0
35,9,0,98240,0.0,19,4.0,3,2,0
46,4,2,67120,6.0,21,26.0,3,1,0
34,14,6,88340,4.0,13,15.0,11,10,0
33,8,6,161840,0.0,13,10.0,9,8,0
29,3,8,55930,1.0,13,1.0,1,0,0
38,24,2,23260,8.0,14,19.0,1,0,0
43,6,0,20280,4.0,20,7.0,5,2,0
39,26,0,34470,0.0,14,9.0,8,7,0
38,4,5,100480,1.0,23,6.0,5,3,0
34,20,2,57440,3.0,19,7.0,0,0,0
31,6,4,45340,1.0,13,1.0,1,0,0
20,18,1,84120,1.0,13,2.0,2,2,0
36,21,1,23290,3.0,15,9.0,3,2,0
25,2,4,27850,0.0,21,6.0,5,4,0
34,7,6,26940,1.0,16,2.0,2,2,1
25,7,7,41030,6.0,15,7.0,2,2,1
42,11,6,60320,0.0,14,23.0,22,7,0
48,2,6,28190,1.0,20,11.0,10,8,0
53,24,5,133200,3.0,11,11.0,4,2,0
36,10,3,86860,1.0,13,18.0,18,11,0
34,2,8,68770,7.0,20,16.0,14,9,0
35,1,7,136100,4.0,22,16.0,13,12,0
27,9,5,59930,0.0,14,5.0,4,1,0
34,2,4,134990,4.0,23,11.0,7,7,1
55,6,2,26550,8.0,17,36.0,24,15,0
30,1,3,174260,2.0,12,12.0,10,4,0
30,21,2,104350,0.0,11,12.0,11,7,0
19,5,3,53320,1.0,23,0.0,0,0,1
30,1,7,103060,5.0,13,8.0,3,2,0
33,2,7,87930,6.0,17,8.0,5,2,0
35,18,6,65380,2.0,16,15.0,7,4,0
34,10,8,192460,3.0,15,15.0,13,12,0
49,2,7,47240,1.0,11,16.0,15,11,0
30,18,1,22960,1.0,18,10.0,10,0,0
43,7,3,65000,8.0,23,10.0,1,0,0
56,2,7,26440,4.0,11,37.0,6,2,0
44,1,6,15630,5.0,12,9.0,4,3,0
40,2,5,25390,4.0,12,7.0,4,2,0
53,8,6,120610,2.0,20,30.0,15,12,0
24,1,6,93800,0.0,16,5.0,4,3,0
40,3,1,51260,5.0,18,20.0,18,12,0
25,1,7,25000,4.0,14,7.0,3,2,0
49,23,7,92410,1.0,19,7.0,7,7,0
47,21,7,46390,0.0,11,14.0,13,12,0
53,24,5,133200,3.0,11,11.0,4,2,0
27,1,7,27130,1.0,11,0.0,0,0,0
29,1,6,27160,0.0,18,8.0,7,1,0
60,17,3,40250,3.0,13,19.0,1,0,0
26,15,2,26130,6.0,19,6.0,4,2,1
28,19,7,32040,6.0,16,5.0,2,1,1
32,7,2,44030,2.0,20,10.0,5,0,0
44,1,6,15630,5.0,12,9.0,4,3,0
32,1,2,88580,6.0,16,10.0,5,3,0
36,7,7,116310,1.0,18,10.0,10,9,0
35,2,7,24960,4.0,17,9.0,3,2,0
32,4,6,53260,4.0,14,7.0,4,3,0
49,14,6,62300,2.0,14,23.0,1,0,0
35,1,4,67960,0.0,13,5.0,4,2,1
21,1,6,26100,1.0,11,2.0,2,2,0
38,8,3,68700,1.0,11,8.0,8,7,0
48,12,2,55620,8.0,13,18.0,8,7,0
58,3,6,52060,4.0,11,9.0,1,0,0
51,18,4,77250,1.0,13,33.0,33,10,0
31,10,7,61250,0.0,13,3.0,2,2,0
38,4,4,70820,1.0,14,2.0,2,1,0
34,7,6,26940,1.0,16,2.0,2,2,1
22,8,8,49070,2.0,21,4.0,4,1,0
33,23,1,86390,5.0,16,6.0,3,2,1
34,6,5,102480,1.0,12,6.0,6,3,0
26,4,3,24040,1.0,12,1.0,1,1,1
24,7,2,12320,1.0,12,1.0,1,0,0
55,11,4,83810,4.0,15,23.0,19,11,0
28,1,2,67810,0.0,15,10.0,9,7,0
45,3,7,171740,9.0,14,12.0,10,8,0
35,2,2,18590,0.0,25,4.0,3,2,0
36,7,6,26900,0.0,11,10.0,9,8,0
24,2,0,187220,0.0,22,6.0,5,4,0
42,7,7,182650,9.0,12,18.0,13,7,0
41,5,7,66230,5.0,18,14.0,5,4,0
29,26,2,22180,1.0,24,10.0,10,8,0
40,1,6,192320,2.0,14,11.0,1,0,0
34,13,2,23410,1.0,20,8.0,8,6,0
20,8,7,34640,1.0,20,2.0,2,2,1
40,6,4,104820,1.0,11,21.0,21,8,0
47,2,3,31960,4.0,14,7.0,2,0,0
20,2,6,63970,1.0,17,1.0,1,0,1
42,1,7,23720,3.0,12,14.0,0,0,0
37,2,2,97560,4.0,19,13.0,9,8,0
47,1,2,68340,3.0,16,5.0,0,0,0
35,7,7,22770,1.0,12,3.0,3,2,0
29,20,3,29260,1.0,15,2.0,2,2,0
40,1,7,48690,4.0,12,14.0,11,1,0
58,9,7,59570,4.0,14,7.0,1,0,1
43,14,5,38860,1.0,17,9.0,9,0,0
28,7,3,29760,1.0,14,1.0,1,0,1
27,10,2,29560,8.0,13,9.0,7,7,0
33,9,7,20970,1.0,14,10.0,10,1,0
55,3,7,73510,8.0,20,34.0,1,0,0
54,9,7,20930,3.0,19,36.0,10,9,0
38,28,2,65830,0.0,12,12.0,11,9,0
24,27,6,104220,1.0,17,6.0,5,4,1
51,29,4,24510,3.0,17,10.0,4,3,0
46,12,0,89430,8.0,12,19.0,16,7,0
50,5,7,118780,2.0,13,29.0,8,7,0
34,2,8,103120,1.0,12,6.0,6,3,0
35,7,8,24380,7.0,16,10.0,7,2,0
33,7,4,38150,3.0,11,7.0,4,3,0
35,16,3,25440,0.0,13,17.0,16,13,0
33,7,7,109990,1.0,18,6.0,6,4,0
34,24,4,164130,6.0,16,6.0,4,2,0
30,9,5,95820,0.0,12,10.0,9,7,0
29,13,2,52200,1.0,17,1.0,1,0,1
50,27,7,33100,4.0,22,8.0,1,0,0
31,2,4,53960,7.0,17,3.0,1,0,1
38,25,4,163280,1.0,17,10.0,10,9,0
42,8,3,40140,8.0,13,24.0,1,1,0
26,11,0,22670,1.0,19,7.0,7,7,0
25,7,4,86330,1.0,19,5.0,5,3,0
45,8,3,29940,4.0,18,12.0,4,3,0
38,6,6,47360,0.0,11,9.0,8,7,0
46,6,7,46150,6.0,12,19.0,10,9,0
48,3,5,54150,7.0,11,27.0,15,8,0
49,25,7,43450,4.0,15,29.0,26,7,0
21,1,3,28630,1.0,14,3.0,3,2,0
33,2,7,27660,1.0,12,2.0,2,2,0
38,5,6,154270,3.0,16,18.0,1,0,0
36,1,6,28380,1.0,19,5.0,5,2,0
30,1,3,174260,2.0,12,12.0,10,4,0
31,2,3,103770,1.0,14,10.0,10,2,0
38,25,4,163280,1.0,17,10.0,10,9,0
45,19,2,36810,3.0,17,22.0,0,0,0
32,7,2,44030,2.0,20,10.0,5,0,0
34,9,7,26570,2.0,13,5.0,3,2,0
29,22,1,57360,1.0,22,4.0,4,2,0
30,4,8,30580,9.0,14,10.0,5,3,0
32,10,6,23800,4.0,13,9.0,6,2,0
34,12,6,45050,1.0,12,6.0,6,4,0
51,8,8,24500,0.0,12,11.0,10,0,0
18,2,7,34680,1.0,18,0.0,0,0,1
45,9,7,95250,9.0,19,22.0,20,8,0
47,15,5,65530,0.0,15,8.0,7,7,0
47,18,6,55820,1.0,16,9.0,9,7,0
40,3,7,45770,5.0,11,15.0,12,8,0
34,2,0,49990,3.0,12,10.0,5,3,0
42,7,6,22260,0.0,12,4.0,3,0,0
33,8,4,29040,4.0,13,5.0,2,2,1
38,1,6,36690,2.0,19,10.0,8,7,0
34,7,6,13930,1.0,11,10.0,10,9,0
41,3,6,35970,3.0,13,11.0,3,2,0
54,27,6,31310,4.0,14,14.0,7,7,0
27,2,3,39040,1.0,15,7.0,7,7,0
24,17,0,25010,9.0,12,4.0,2,0,0
33,4,6,47880,3.0,11,9.0,7,1,0
52,3,2,25790,9.0,19,10.0,8,7,1
27,15,6,39020,1.0,22,4.0,4,2,0
43,5,6,45220,8.0,15,7.0,4,3,1
36,1,1,132470,1.0,14,15.0,15,11,0
40,9,4,22380,6.0,14,10.0,1,0,0
26,21,4,135250,8.0,17,7.0,2,2,1
51,3,8,190490,7.0,14,23.0,20,15,0
32,10,7,23420,4.0,12,9.0,6,4,0
38,24,2,23260,8.0,14,19.0,1,0,0
40,23,2,45020,8.0,12,15.0,7,7,0
39,1,2,105120,1.0,12,10.0,10,9,0
28,1,6,63470,1.0,15,4.0,4,2,0
32,1,6,26620,1.0,11,13.0,13,9,0
35,10,2,134580,1.0,11,17.0,17,8,0
30,2,7,48500,0.0,12,4.0,3,2,0
40,14,6,33480,3.0,22,7.0,4,3,0
42,1,2,30340,7.0,21,9.0,6,5,0
26,2,2,59930,0.0,12,8.0,7,0,1
35,15,2,54060,0.0,12,6.0,5,3,0
45,1,6,25800,8.0,17,20.0,17,15,0
32,9,7,43270,8.0,13,4.0,0,0,0
46,9,3,164370,8.0,15,16.0,4,2,0
33,2,7,24400,0.0,18,4.0,3,2,0
34,2,0,49990,3.0,12,10.0,5,3,0
36,8,2,103880,0.0,14,4.0,3,2,0
41,1,0,55610,0.0,11,10.0,9,7,0
21,1,0,27910,1.0,14,1.0,1,0,1
32,18,3,63770,1.0,12,14.0,14,7,0
31,9,2,168850,2.0,14,10.0,1,0,1
35,16,3,25440,0.0,13,17.0,16,13,0
36,5,2,47170,1.0,19,12.0,11,7,0
26,1,8,143360,1.0,21,8.0,8,7,0
42,4,2,20830,0.0,12,21.0,20,10,0
37,15,2,44850,5.0,11,15.0,1,0,1
33,9,5,193920,6.0,12,12.0,10,8,0
42,10,2,66510,0.0,20,10.0,9,2,0
38,9,8,23720,4.0,12,20.0,1,0,0
33,2,7,59140,3.0,16,6.0,3,2,0
27,13,3,44010,5.0,13,6.0,2,0,0
53,14,4,35170,2.0,12,13.0,7,5,0
28,19,2,52380,1.0,17,10.0,10,9,1
39,3,4,109760,1.0,11,9.0,9,8,0
35,4,0,78980,7.0,15,5.0,2,2,0
45,3,7,35400,1.0,13,24.0,24,11,0
49,3,7,47280,3.0,11,8.0,5,4,0
45,7,1,56610,3.0,12,26.0,9,1,0
26,28,2,51510,1.0,15,8.0,8,7,0
30,7,4,34480,1.0,11,10.0,10,4,0
35,20,2,51540,0.0,19,12.0,11,9,0
28,9,7,59330,0.0,11,5.0,4,3,0
27,2,6,45410,1.0,14,9.0,9,8,0
33,3,0,16110,0.0,14,10.0,9,1,0
33,18,0,63850,1.0,13,7.0,6,2,0
41,17,4,52080,3.0,11,12.0,9,7,0
36,1,4,175670,5.0,13,7.0,1,0,0
46,9,3,164370,8.0,15,16.0,4,2,0
28,7,7,89660,1.0,16,3.0,3,2,0
30,2,0,40000,4.0,12,7.0,5,1,1
29,10,4,169590,4.0,14,11.0,8,1,0
18,5,3,32300,1.0,12,0.0,0,0,0
35,15,2,54060,0.0,12,6.0,5,3,0
25,8,6,74840,1.0,15,6.0,6,4,0
27,10,7,194190,7.0,14,5.0,3,2,0
29,29,8,192020,1.0,12,3.0,3,2,0
51,4,4,40280,3.0,14,29.0,5,3,0
58,10,8,29360,2.0,13,23.0,2,2,0
32,2,4,21660,1.0,19,9.0,9,7,0
50,19,7,31950,2.0,11,5.0,3,2,0
34,4,6,88470,1.0,16,10.0,10,6,0
39,22,4,129650,0.0,19,20.0,19,8,0
46,9,3,164370,8.0,15,16.0,4,2,0
35,9,0,31400,1.0,13,17.0,17,15,0
28,15,7,41970,1.0,13,1.0,1,0,1
52,2,8,35370,0.0,11,34.0,33,9,0
39,29,7,38750,3.0,15,13.0,6,5,0
31,28,7,127420,1.0,11,10.0,10,2,0
46,2,2,30650,2.0,11,7.0,1,0,0
29,13,2,52200,1.0,17,1.0,1,0,1
35,2,6,25320,1.0,13,1.0,1,0,1
50,20,2,154020,4.0,21,25.0,3,2,0
20,1,8,47770,1.0,18,2.0,2,2,0
50,5,2,54730,1.0,19,20.0,20,8,0
39,4,7,98520,0.0,12,21.0,20,10,0
28,9,7,56730,5.0,14,5.0,3,2,1
36,14,6,39290,0.0,24,6.0,5,3,0
52,5,1,14200,1.0,13,33.0,32,9,1
30,11,2,171690,1.0,17,1.0,1,0,0
27,1,7,27130,1.0,11,0.0,0,0,0
46,12,2,20740,2.0,15,21.0,10,5,0
19,2,2,115570,1.0,22,1.0,1,1,0
36,1,4,33760,5.0,20,16.0,2,2,1
37,22,4,30550,2.0,14,17.0,3,2,0
48,2,5,197400,3.0,14,24.0,22,7,0
37,24,6,68150,5.0,20,17.0,1,0,0
33,10,5,67280,7.0,22,15.0,7,7,1
50,3,6,61420,3.0,13,28.0,8,7,0
58,27,2,21870,1.0,18,2.0,2,2,0
39,1,1,68040,8.0,14,13.0,5,4,0
55,7,6,22720,2.0,17,21.0,5,2,0
49,9,8,190330,2.0,18,7.0,4,2,0
35,4,2,74030,1.0,12,10.0,10,8,0
31,28,7,127420,1.0,11,10.0,10,2,0
54,1,1,23620,6.0,13,9.0,5,4,0
45,2,4,83960,3.0,15,25.0,23,4,0
29,23,0,45370,6.0,18,5.0,1,0,0
30,10,1,22070,6.0,14,6.0,4,2,0
50,17,2,42980,1.0,20,31.0,31,7,0
40,1,5,50710,8.0,17,8.0,1,0,0
53,11,3,21090,2.0,13,31.0,25,7,0
50,9,6,23220,7.0,25,4.0,2,2,0
35,2,0,101240,0.0,14,16.0,15,8,0
43,14,4,37480,7.0,14,11.0,3,2,0
46,6,7,46150,6.0,12,19.0,10,9,0
34,2,8,68770,7.0,20,16.0,14,9,0
28,5,2,25590,1.0,11,8.0,8,7,0
48,10,0,63470,2.0,12,19.0,9,7,1
